NUTS_ID,Unemployme,Youth,ARoP,Death_rate,URBAN-RURA,Border,METRO
AT11,3.63902005,6.76,13.9,5.74,3,1,0
AT12,3.99799791,9.2,13.9,5.5,3,0,0
AT13,9.266188461,16.5,13.9,5.81,1,0,1
AT21,3.757026492,9.6875,13.9,9.1,2,1,0
AT22,3.219040335,9.5,13.9,11.33,2,0,1
AT31,2.907474833,9.3,13.9,7.89,3,1,0
AT32,2.383131414,8.4774,13.9,9.01,3,0,0
AT33,2.107525621,8.5,13.9,5.74,3,1,0
BE,5.6,15.3,14.1,18.57,3,1,0
BE1,12.3,29.1,27.8,12.3,3,1,0
BE10,12.3,29.1,27.8,12.3,1,0,1
BE2,3.5,10.8,9.3,14.52,1,0,1
BE21,4.0,10.2,9.3,14.52,1,1,1
BE22,3.6,11.4,9.3,14.52,2,1,0
BE23,2.7,9.3,9.3,14.52,1,0,1
BE24,3.9,15.2,9.3,14.52,1,0,1
BE25,3.3,9.9,9.3,14.52,2,1,0
BE3,7.3,21.7,18.2,20.02,2,1,0
BE31,6.2,20.2,18.2,20.02,2,0,1
BE32,8.3,24.7,18.2,20.02,1,1,0
BE33,7.8,21.5,18.2,20.02,3,0,1
BE34,5.1,19.1,18.2,20.02,3,1,0
BE35,6.1,18.7,18.2,20.02,3,1,0
BG311,18.9,34.3,24.0,10.65240476778908,3,1,0
BG312,24.5,34.3,23.0,10.6524047677891,2,1,0
BG313,10.0,34.3,24.5,10.6524047677891,2,1,0
BG314,10.9,34.3,20.1,10.6524047677891,2,1,0
BG315,4.8,34.3,29.4,10.6524047677891,2,0,0
BG321,2.6,26.999,21.3,10.6524047677891,2,1,0
BG322,6.8,26.999,25.0,10.6524047677891,2,0,0
BG323,2.6,26.999,12.3,10.6524047677891,2,1,0
BG324,10.3,26.999,12.6,10.6524047677891,3,0,0
BG325,15.2,26.999,20.8,10.6524047677891,3,1,0
BG331,2.1,19.551,19.6,10.6524047677891,2,0,1
BG332,9.4,19.551,24.0,10.6524047677891,2,1,0
BG333,11.1,19.551,20.0,10.6524047677891,2,0,0
BG334,10.5,19.551,18.9,10.6524047677891,3,0,0
BG341,4.9,20.615,27.0,10.6524047677891,2,1,1
BG342,6.9,20.615,29.0,10.6524047677891,2,0,0
BG343,7.2,20.615,31.3,10.6524047677891,2,1,0
BG344,2.1,20.615,26.9,10.6524047677891,2,0,0
BG411,0.8,10.8,21.7,10.6524047677891,1,0,1
BG412,2.8,10.8,19.6,10.6524047677891,3,1,1
BG413,7.2,10.8,24.8,10.6524047677891,2,1,0
BG414,8.1,10.8,16.9,10.6524047677891,2,1,1
BG415,4.5,10.8,20.6,10.6524047677891,2,1,0
BG421,2.9,23.744,23.1,10.6524047677891,2,0,1
BG422,0.3,23.744,21.1,10.6524047677891,2,1,0
BG423,5.0,23.744,21.7,10.6524047677891,2,0,0
BG424,11.5,23.744,25.3,10.6524047677891,3,1,0
BG425,1.4,23.744,26.2,10.6524047677891,3,1,0
HR021,12.4,21.1,18.3,6.442200200845065,3,0,0
HR022,18.8,21.1,18.3,6.58951443515506,3,1,0
HR023,12.9,21.1,18.3,8.68717042094675,3,1,0
HR024,14.6,21.1,18.3,5.424066730680428,2,1,0
HR025,16.8,21.1,18.3,18.34781099908815,2,1,0
HR026,15.1,21.1,18.3,7.291506398464102,3,1,0
HR027,9.1,21.1,18.3,15.41758126894533,3,1,0
HR028,18.7,21.1,18.3,7.745558406351359,3,1,0
HR031,7.2,15.0,18.3,6.348755963042438,2,1,0
HR032,12.7,15.0,18.3,15.55946421323231,3,1,0
HR033,9.2,15.0,18.3,5.474398262473596,3,1,0
HR034,14.3,15.0,18.3,6.673474959301914,2,1,0
HR035,14.6,15.0,18.3,7.408184258501002,2,1,1
HR036,6.3,15.0,18.3,2.333833440499155,3,1,0
HR037,13.1,15.0,18.3,4.89999918333347,2,1,0
HR050,3.7,21.1,18.3,14.02559207152434,1,1,1
HR061,5.5,21.1,18.3,11.91239805736278,3,1,0
HR062,4.2,21.1,18.3,15.67350875606595,2,1,0
HR063,6.4,21.1,18.3,11.71070774228888,3,1,0
HR064,6.1,21.1,18.3,17.44274839840202,3,1,1
HR065,5.8,21.1,18.3,1.162749385519248,3,1,1
IS001,6.76,18.2,14.3,1.283776555312188,2,0,1
CZ010,2.2696005705,7.824185313749999,5.6,8.238457664068772,1,0,1
CZ020,1.9480011253,7.425406045750001,7.3,8.728353286777303,1,0,1
CZ031,1.7821589746,2.378435704,6.6,12.88653791514448,3,1,0
CZ032,2.2016867193,2.22353241675,6.6,9.899999830479455,3,1,1
CZ041,4.7203580879,8.0623149825,14.7,14.42320744984118,2,1,0
CZ042,3.6757318741,13.251980445,14.7,11.60829024379846,2,1,0
CZ051,2.9063724098,4.455177869999999,10.3,9.64637472108905,2,1,0
CZ052,2.5741849088,3.768173955,10.3,11.34783656940036,2,1,0
CZ053,1.6115583167,0.752118925,10.3,8.935028756634306,3,1,0
CZ063,2.2228186794,2.583877296,8.8,13.0243834504024,3,0,0
CZ064,2.2903756272,9.450587685,8.8,12.3323285701462,2,1,1
CZ071,3.0678383973,10.3917644535,12.0,11.81933973086082,2,1,0
CZ072,1.9218596789,6.6178950465,12.0,13.78410622173014,2,1,0
CZ080,3.6114661356,9.529571912,12.0,11.99461241992138,2,1,1
DK011,5.4,8.496472246,12.7,3.80818657188995,1,1,1
DK012,4.64,4.982188381,12.7,3.80818657188995,1,1,1
DK013,3.41,6.755795535,12.7,3.80818657188995,2,0,1
DK014,5.32,8.345235224,12.7,3.80818657188995,3,0,0
DK021,3.56,8.473912393,10.1,2.495942600485574,2,0,1
DK022,4.44,7.643767741,10.1,2.495942600485574,3,0,0
DK031,4.96,8.616148951,12.4,0.768535816630624,2,0,1
DK032,4.03,10.01962509,12.4,0.768535816630624,2,1,0
DK041,3.53,9.607258646,12.3,1.372197174178567,3,0,0
DK042,4.48,11.65023656,12.3,1.372197174178567,2,0,1
DK050,5.02,9.969815374,11.7,1.373030294811641,3,0,1
EE001,6.1,8.308565287,17.9,1.602737746957056,1,0,1
EE004,6.9,8.308565287,17.9,1.60273774695706,3,1,0
EE009,6.9,8.308565287,17.9,1.60273774695706,3,0,0
EE00A,12.3,8.308565287,17.9,1.60273774695706,1,1,0
EE008,6.1,8.308565287,17.9,1.60273774695706,3,1,0
FI193,9.8,21.2,5.1,1.06057743192577,3,0,0
FI194,5.6,21.2,8.0,1.06057743192577,3,0,0
FI195,5.9,21.2,7.4,1.06057743192577,3,0,0
FI196,7.4,21.2,8.6,1.06057743192577,3,0,0
FI197,8.2,21.2,9.5,1.06057743192577,2,0,1
FI1B1,7.2,20.5,9.9,1.06057743192577,1,0,1
FI1C1,7.2,21.1,8.6,1.06057743192577,2,0,1
FI1C2,6.2,21.1,7.9,1.06057743192577,2,0,0
FI1C3,8.0,21.1,9.8,1.06057743192577,2,0,0
FI1C4,8.7,21.1,8.5,1.06057743192577,2,1,0
FI1C5,9.8,21.1,6.8,1.06057743192577,2,1,0
FI1D1,7.8,22.9,10.1,1.06057743192577,3,0,0
FI1D2,7.6,22.9,9.2,1.06057743192577,3,0,0
FI1D3,13.3,22.9,11.8,1.06057743192577,3,1,0
FI1D8,7.4,22.9,7.1,1.06057743192577,3,1,0
FI1D5,6.6,22.9,8.5,1.06057743192577,3,0,0
FI1D9,8.4,22.9,9.3,1.06057743192577,3,1,0
FI1D7,9.3,22.9,8.3,1.06057743192577,3,1,0
FI200,3.4,21.4,4.1,1.06057743192577,3,0,0
FR101,6.4,10.1,13.8,12.29752489680106,1,0,1
FR102,7.0,18.0,13.8,8.25192416362507,2,0,1
FR103,6.4,14.2,13.8,7.347259782548705,1,0,1
FR104,6.8,16.6,13.8,7.765931613985091,1,0,1
FR105,6.4,11.6,13.8,9.731102322080455,1,0,1
FR106,10.7,20.6,13.8,9.059692030788476,1,0,1
FR107,7.5,15.6,13.8,13.13938514760736,1,0,1
FR108,8.6,19.4,13.8,9.524812375555214,1,0,1
FRB01,8.1,21.5,13.8,9.393186763963591,3,0,0
FRB02,7.4,19.7,13.8,6.028288734082642,3,0,0
FRB03,7.8,21.7,13.8,6.555753705376176,3,0,0
FRB04,7.2,18.9,13.8,3.695910351998502,2,0,1
FRB05,6.5,17.9,13.8,5.00251650982964,3,0,0
FRB06,7.6,19.8,13.8,3.562073155894205,2,0,1
FRC11,6.2,16.3,13.8,9.820194676440545,2,0,1
FRC12,6.6,19.4,13.8,5.600852519144507,3,0,0
FRC13,7.1,18.6,13.8,11.19476339913063,3,0,0
FRC14,7.3,20.3,13.8,7.829636668997628,3,0,0
FRC21,7.5,19.2,13.8,5.966883794938093,2,1,1
FRC22,5.8,15.9,13.8,9.661238338885324,3,1,0
FRC23,7.2,20.1,13.8,6.309497925965716,3,0,0
FRC24,9.0,23.9,13.8,28.02682567600418,2,1,0
FRD11,7.5,20.2,13.8,3.865514704821797,2,0,1
FRD12,6.1,17.5,13.8,2.799779263779783,3,0,0
FRD13,7.5,21.2,13.8,6.633020908435473,3,0,0
FRD21,8.1,22.6,13.8,3.953145179256708,3,0,0
FRD22,9.1,24.6,13.8,5.46760821274663,2,0,1
FRE11,10.1,24.9,13.8,7.429466193046204,1,1,1
FRE12,9.5,27.1,13.8,6.1670700387292,2,1,0
FRE21,11.1,29.3,13.8,9.518024640897988,3,1,0
FRE22,8.2,22.4,13.8,7.668119912033643,2,0,0
FRE23,9.4,25.6,13.8,7.367032967032968,3,0,1
FRF11,6.9,17.4,13.8,9.01725084924836,2,1,1
FRF12,8.0,20.6,13.8,13.13502280658189,2,1,1
FRF21,9.7,25.1,13.8,8.336573257170201,3,1,0
FRF22,10.0,25.0,13.8,8.286019196481828,2,0,0
FRF23,7.6,19.2,13.8,8.158429608714622,2,0,1
FRF24,7.0,19.4,13.8,11.74129236405051,3,0,0
FRF31,7.6,19.7,13.8,9.240868149488813,2,1,1
FRF32,7.4,20.4,13.8,12.62494004531747,3,1,0
FRF33,7.7,20.7,13.8,12.8817330109538,2,1,0
FRF34,8.5,22.4,13.8,14.04288608952616,3,0,0
FRG01,6.9,18.4,13.8,2.834490692613692,1,0,1
FRG02,7.5,20.2,13.8,4.557979825134876,2,0,1
FRG03,5.7,17.6,13.8,5.259323866550373,3,0,0
FRG04,8.1,23.2,13.8,4.791175719031259,3,0,1
FRG05,6.5,18.1,13.8,1.774604823143174,3,0,0
FRH01,7.0,18.5,13.8,1.802189660437432,3,0,0
FRH02,6.9,18.5,13.8,1.292177834331851,3,0,1
FRH03,6.4,17.0,13.8,2.634116599263368,2,0,1
FRH04,6.9,18.1,13.8,2.617343120530624,3,0,0
FRI11,8.1,21.9,13.8,1.214984156606598,3,0,0
FRI12,7.6,19.3,13.8,2.866599229257649,1,0,1
FRI13,7.9,21.1,13.8,2.459443297775892,3,0,0
FRI14,8.0,17.8,13.8,2.448935166708994,3,0,0
FRI15,6.8,17.9,13.8,4.260031133241227,2,1,1
FRI21,6.5,21.5,13.8,3.633022925627427,3,0,0
FRI22,7.3,20.9,13.8,4.586560512310156,3,0,0
FRI23,7.4,21.3,13.8,4.741021690174232,3,0,1
FRI31,7.9,22.4,13.8,2.143604342084955,3,0,0
FRI32,8.4,17.9,13.8,1.736439254591192,3,0,0
FRI33,5.9,19.0,13.8,2.749540853372058,3,0,0
FRI34,6.6,27.3,13.8,3.649718287369694,3,0,1
FRJ11,10.5,27.0,13.8,3.58986222906512,3,0,0
FRJ12,10.8,27.4,13.8,4.365028512846799,2,0,1
FRJ13,11.2,15.1,13.8,4.12151371036738,2,0,1
FRJ14,5.0,31.1,13.8,7.835660089065337,3,0,0
FRJ15,12.5,25.0,13.8,2.463552986222893,2,1,1
FRJ21,9.9,17.6,13.8,2.089959702964477,3,1,0
FRJ22,6.0,19.6,13.8,4.295932467941604,3,0,0
FRJ23,7.9,17.5,13.8,2.497110941957068,1,1,1
FRJ24,6.0,20.9,13.8,3.240610070979814,3,0,0
FRJ25,7.9,23.1,13.8,3.617654152263043,3,0,0
FRJ26,9.3,23.1,13.8,5.540891341811916,3,1,0
FRJ27,8.2,21.4,13.8,3.830216034466803,3,0,0
FRJ28,9.0,24.7,13.8,3.444224609367526,3,0,0
FRK11,8.7,22.8,13.8,9.315644591684215,3,0,0
FRK12,4.7,14.0,13.8,3.963259885552179,3,0,0
FRK13,6.3,17.0,13.8,6.626352697496028,3,0,0
FRK14,7.0,18.1,13.8,5.072987989926067,2,0,1
FRK21,6.1,22.9,13.8,5.684694037303144,3,1,0
FRK22,8.8,22.0,13.8,9.275645328614146,3,0,0
FRK23,8.7,17.4,13.8,7.780516434179712,3,0,0
FRK24,6.6,21.0,13.8,7.531573917749856,2,0,1
FRK25,7.9,16.7,13.8,10.82887246488128,2,0,1
FRK26,7.3,15.5,13.8,9.805702605682209,1,0,1
FRK27,6.4,15.7,13.8,10.46163989066785,2,1,0
FRK28,6.5,23.3,13.8,7.489177957534077,2,1,1
FRL01,9.4,18.7,13.8,5.810012588360608,3,1,0
FRL02,7.6,21.2,13.8,9.690129605483474,3,1,0
FRL03,8.9,22.1,13.8,5.431096750715416,1,1,1
FRL04,9.3,22.7,13.8,8.609072299086998,1,0,1
FRL05,8.6,25.1,13.8,4.513258507770311,2,0,1
FRL06,10.2,21.0,13.8,7.815497167328367,2,0,0
FRM01,7.7,21.9,13.8,4.776437893901047,3,0,0
FRM02,8.3,16.3,13.8,2.057847166940144,3,0,0
DE11A,4.360013509,8.569021168,18.5,5.826820201156824,3,0,0
DE11B,4.650804519,9.805458759,18.5,5.826820201156824,3,0,0
DE11C,6.421643514,8.012752977,18.5,5.826820201156824,2,0,0
DE11D,4.873814332,11.6377436,18.5,5.826820201156824,2,0,0
DE121,5.012576901,6.799358217,18.5,5.826820201156824,1,1,0
DE122,4.473720616,8.977396991,18.5,5.826820201156824,1,1,1
DE123,5.482845268,8.150671816,18.5,5.826820201156824,1,0,1
DE124,5.26149519,4.651892616,18.5,5.826820201156824,1,1,0
DE125,4.064545912,12.90890705,18.5,5.826820201156824,1,0,1
DE126,6.129844635,3.241833797,18.5,5.826820201156824,1,0,1
DE127,6.291779767,11.41058655,18.5,5.826820201156824,3,0,0
DE128,6.854350278,,18.5,5.826820201156824,1,0,1
DE129,7.860898207,11.43026042,18.5,5.826820201156824,2,0,1
DE12A,6.489232723,13.52312695,18.5,5.826820201156824,3,0,0
DE12B,5.576692475,10.10495432,18.5,5.826820201156824,2,0,1
DE12C,5.291391382,,18.5,5.826820201156824,3,0,0
DE131,5.281470444,12.34234477,18.5,5.826820201156824,2,1,1
DE132,5.646356248,8.813251208,18.5,5.826820201156824,2,1,1
DE133,5.447884867,9.590088145,18.5,5.826820201156824,2,1,1
DE134,4.812518147,8.920220746,18.5,5.826820201156824,2,1,1
DE135,4.554892938,7.743046394,18.5,5.826820201156824,3,0,0
DE136,5.805666796,9.437159226,18.5,5.826820201156824,2,1,0
DE137,4.471123109,10.186241,18.5,5.826820201156824,2,0,0
DE138,6.17673252,10.49134232,18.5,5.826820201156824,2,1,1
DE139,7.072533655,11.56572176,18.5,5.826820201156824,2,1,1
DE13A,6.29813452,10.50605303,18.5,5.826820201156824,2,1,0
DE141,5.735599653,10.51816362,18.5,5.826820201156824,2,0,1
DE142,4.742576373,12.21843085,18.5,5.826820201156824,2,0,0
DE143,5.877542265,13.0668946,18.5,5.826820201156824,2,0,0
DE144,3.131203111,9.881362702,18.5,5.826820201156824,2,0,1
DE145,5.973793035,13.60713042,18.5,5.826820201156824,2,0,1
DE146,3.530141982,10.897364,18.5,5.826820201156824,3,0,0
DE147,3.956183326,10.04146297,18.5,5.826820201156824,2,1,0
DE148,4.157890569,8.365643982,18.5,5.826820201156824,2,0,0
DE149,5.260571271,10.2359691,18.5,5.826820201156824,3,0,0
DE111,4.214930672,7.396837919,18.5,5.826820201156824,1,0,1
DE112,4.335773425,9.171154633,18.5,5.826820201156824,1,0,1
DE113,5.399883873,10.67565861,18.5,5.826820201156824,1,0,1
DE114,7.26041479,13.14373736,18.5,5.826820201156824,1,0,1
DE115,5.113495553,13.1717896,18.5,5.826820201156824,1,0,1
DE116,6.393224842,8.839143142,18.5,5.826820201156824,1,0,1
DE117,5.762734144,9.372730809,18.5,5.826820201156824,2,0,1
DE118,4.94299317,9.269097967,18.5,5.826820201156824,2,0,1
DE119,3.4882775,12.20212188,18.5,5.826820201156824,3,0,0
DE264,5.903405203,9.904529382,18.5,7.098046993246417,1,0,1
DE265,5.459862631,5.976208969,18.5,7.098046993246417,3,0,1
DE266,4.129409382,8.528232995,18.5,7.098046993246417,3,0,0
DE267,5.522148727,8.325529303,18.5,7.098046993246417,3,0,0
DE268,4.05035423,9.191955734,18.5,7.098046993246417,3,0,1
DE269,5.631520964,7.232951342,18.5,7.098046993246417,2,0,1
DE26A,3.788215339,6.996637451,18.5,7.098046993246417,3,0,1
DE26B,6.538867394,5.466112109,18.5,7.098046993246417,2,0,1
DE26C,5.172132104,3.973450549,18.5,7.098046993246417,2,0,1
DE271,6.646289997,8.789855072,18.5,7.098046993246417,1,0,1
DE272,5.423513302,6.165309981,18.5,7.098046993246417,2,0,0
DE273,4.196129032,10.95125277,18.5,7.098046993246417,2,1,0
DE274,3.36898899,9.392610095,18.5,7.098046993246417,3,0,0
DE275,5.121580547,6.277666607,18.5,7.098046993246417,2,0,1
DE276,5.237407277,10.98476584,18.5,7.098046993246417,1,0,1
DE277,3.920143161,5.268632868,18.5,7.098046993246417,3,0,0
DE278,3.568363844,11.41770665,18.5,7.098046993246417,3,0,0
DE279,4.841878538,8.366117915,18.5,7.098046993246417,2,0,1
DE27A,4.331980207,9.41000594,18.5,7.098046993246417,2,1,0
DE27B,4.426820201,9.150334622,18.5,7.098046993246417,2,1,0
DE27C,3.741713994,8.120467799,18.5,7.098046993246417,3,0,0
DE27D,2.651113468,8.202056188,18.5,7.098046993246417,3,0,0
DE27E,4.269659018,8.268857119,18.5,7.098046993246417,2,1,0
DE234,5.686172631,5.298032829,18.5,7.098046993246417,2,0,0
DE235,4.140099107,6.900796704,18.5,7.098046993246417,3,1,0
DE236,3.249286128,9.252612074,18.5,7.098046993246417,3,0,0
DE237,5.353331752,9.288962053,18.5,7.098046993246417,3,1,0
DE238,5.624964453,6.790556515,18.5,7.098046993246417,2,0,1
DE239,5.02242762,,18.5,7.098046993246417,3,1,0
DE23A,4.924282915,13.42647436,18.5,7.098046993246417,3,1,0
DE241,3.238034267,10.26909827,18.5,7.098046993246417,2,0,0
DE242,4.232484012,10.89985153,18.5,7.098046993246417,2,0,1
DE243,3.869848156,9.798690216,18.5,7.098046993246417,2,0,0
DE244,6.165688591,10.74324864,18.5,7.098046993246417,2,1,0
DE245,5.846519575,10.91284289,18.5,7.098046993246417,2,0,0
DE246,7.365759783,9.822571123,18.5,7.098046993246417,2,0,1
DE247,6.084638887,14.09723733,18.5,7.098046993246417,2,0,0
DE248,5.767009357,22.73131266,18.5,7.098046993246417,2,0,0
DE249,4.92023731,4.620996675,18.5,7.098046993246417,2,1,0
DE24A,5.472915036,6.542457203,18.5,7.098046993246417,3,0,0
DE24B,5.339641771,5.998712693,18.5,7.098046993246417,3,0,1
DE24C,5.302656265,14.35461307,18.5,7.098046993246417,3,0,0
DE24D,6.349105267,8.690571709,18.5,7.098046993246417,3,1,0
DE251,3.838697169,8.451993219,18.5,7.098046993246417,3,0,0
DE252,2.807612787,9.430046694,18.5,7.098046993246417,1,0,1
DE253,8.052673436,5.546029569,18.5,7.098046993246417,1,0,1
DE254,5.765460892,8.686707623,18.5,7.098046993246417,1,0,1
DE255,5.340278175,7.860064055,18.5,7.098046993246417,1,0,1
DE256,4.574301744,11.59574209,18.5,7.098046993246417,3,0,0
DE257,3.546679762,9.088682537,18.5,7.098046993246417,1,0,1
DE258,7.705077773,7.901188745,18.5,7.098046993246417,1,0,1
DE259,4.833381827,10.40360865,18.5,7.098046993246417,2,0,1
DE25A,4.247466,10.23952222,18.5,7.098046993246417,3,0,0
DE25B,4.563180672,13.36522849,18.5,7.098046993246417,2,0,1
DE25C,5.413179916,15.19065351,18.5,7.098046993246417,3,0,0
DE261,5.001629195,18.83645038,18.5,7.098046993246417,1,0,1
DE262,3.624271137,8.458757313,18.5,7.098046993246417,2,0,1
DE263,3.30868001,6.680082608,18.5,7.098046993246417,2,0,1
DE211,2.8910869,6.657389067,18.5,7.098046993246417,2,0,1
DE212,4.521867656,8.184980949,18.5,7.098046993246417,1,0,1
DE213,5.06657917,19.84666174,18.5,7.098046993246417,2,1,1
DE214,4.267507086,8.08999539,18.5,7.098046993246417,2,1,0
DE215,5.706311056,9.030543463,18.5,7.098046993246417,2,1,0
DE216,4.975025472,7.512940814,18.5,7.098046993246417,2,1,0
DE217,5.366232422,12.98875458,18.5,7.098046993246417,2,0,1
DE218,4.513450909,6.180713254,18.5,7.098046993246417,2,0,1
DE219,3.500615978,14.69583693,18.5,7.098046993246417,2,0,1
DE21A,4.307081239,7.712776051,18.5,7.098046993246417,3,0,1
DE21B,3.552224026,4.640752606,18.5,7.098046993246417,2,0,1
DE21C,7.167499824,8.167466846,18.5,7.098046993246417,2,0,1
DE21D,5.529564652,4.739479426,18.5,7.098046993246417,2,1,0
DE21E,4.818325434,12.4906764,18.5,7.098046993246417,3,0,1
DE21F,4.182090258,8.046318986,18.5,7.098046993246417,2,1,0
DE21G,5.490187323,5.796688308,18.5,7.098046993246417,3,0,0
DE21I,4.218190223,12.88688406,18.5,7.098046993246417,3,0,1
DE21J,3.687575082,12.3124232,18.5,7.098046993246417,2,0,1
DE21K,4.744590084,12.57493685,18.5,7.098046993246417,2,1,1
DE21L,4.036191547,12.07582663,18.5,7.098046993246417,2,0,1
DE21M,4.340929155,15.25481279,18.5,7.098046993246417,3,1,0
DE21N,4.124084808,9.431177289,18.5,7.098046993246417,2,0,0
DE221,5.173321302,4.238562655,18.5,7.098046993246417,3,0,0
DE222,3.892519971,14.86108343,18.5,7.098046993246417,3,1,0
DE223,4.870681518,11.8012309,18.5,7.098046993246417,3,0,0
DE224,4.366292898,10.32438314,18.5,7.098046993246417,3,0,0
DE225,5.138198591,14.89446344,18.5,7.098046993246417,3,1,0
DE226,4.986674148,5.85369517,18.5,7.098046993246417,3,0,1
DE227,5.219628745,14.42127794,18.5,7.098046993246417,3,0,0
DE228,5.938972884,9.662075739,18.5,7.098046993246417,3,1,0
DE229,5.249813087,16.6518289,18.5,7.098046993246417,3,1,0
DE22A,5.859080633,15.79809093,18.5,7.098046993246417,3,1,0
DE22B,6.035486744,8.607318505,18.5,7.098046993246417,3,0,0
DE22C,4.013289037,6.405975948,18.5,7.098046993246417,3,0,0
DE231,4.398725409,8.22052082,18.5,7.098046993246417,2,0,0
DE232,3.035862962,10.19683485,18.5,7.098046993246417,2,0,1
DE233,4.678082192,8.812546975,18.5,7.098046993246417,3,1,0
DE300,11.12308876,8.352380263,18.5,5.71468903997857,1,0,1
DE401,9.118032088,7.777248104,18.5,6.407884870611085,2,0,0
DE402,8.23037184,7.411561509,18.5,6.407884870611085,2,1,0
DE403,7.993506494,8.179246214,18.5,6.407884870611085,2,1,0
DE404,6.172601242,5.587805707,18.5,6.407884870611085,2,0,1
DE405,10.05923475,5.81394262,18.5,6.407884870611085,2,1,1
DE406,6.030282877,8.645087046,18.5,6.407884870611085,2,0,1
DE407,9.665253537,7.70853505,18.5,6.407884870611085,3,0,0
DE408,10.15046669,6.268661656,18.5,6.407884870611085,2,0,1
DE409,10.66228194,11.91563858,18.5,6.407884870611085,2,1,1
DE40A,9.46403385,8.650347482,18.5,6.407884870611085,2,0,1
DE40B,9.882384751,7.912622477,18.5,6.407884870611085,2,0,0
DE40C,9.80240217,5.545669878,18.5,6.407884870611085,2,1,1
DE40D,8.751099384,8.597491898,18.5,6.407884870611085,3,0,0
DE40E,7.51854756,10.96403815,18.5,6.407884870611085,2,0,1
DE40F,9.990453932,11.65245028,18.5,6.407884870611085,3,0,0
DE40G,9.759033124,11.61683534,18.5,6.407884870611085,2,1,0
DE40H,6.859580187,7.385929547,18.5,6.407884870611085,2,0,1
DE40I,14.13230051,6.841474762,18.5,6.407884870611085,3,1,0
DE501,10.36658011,6.626760193,18.5,3.669983352955511,1,0,1
DE502,13.88483239,6.630142946,18.5,3.669983352955511,2,0,1
DE600,7.482487194,6.160938822,18.5,5.337655426733642,1,0,1
DE736,5.307687716,5.063048437,18.5,6.711110545667357,3,0,0
DE737,9.223378194,3.582160113,18.5,6.711110545667357,3,0,0
DE711,4.926666187,6.179752066,18.5,6.711110545667357,1,0,1
DE712,4.445935997,6.746406283,18.5,6.711110545667357,1,0,1
DE713,13.98341329,7.764335317,18.5,6.711110545667357,1,0,1
DE714,7.602731906,9.887178827,18.5,6.711110545667357,1,0,1
DE715,7.372184657,9.250612347,18.5,6.711110545667357,1,0,1
DE716,9.676220128,9.043807694,18.5,6.711110545667357,1,0,1
DE717,8.299680994,9.140114876,18.5,6.711110545667357,1,0,1
DE718,5.398628291,7.239888542,18.5,6.711110545667357,1,0,1
DE719,8.116878772,8.196186843,18.5,6.711110545667357,2,0,1
DE71A,5.125067351,6.228189596,18.5,6.711110545667357,1,0,1
DE71B,8.638497653,11.71718868,18.5,6.711110545667357,3,0,0
DE71C,7.482487181,12.23432975,18.5,6.711110545667357,1,0,1
DE71D,9.070358293,5.383258245,18.5,6.711110545667357,2,0,1
DE71E,8.047218174,12.63289722,18.5,6.711110545667357,2,0,1
DE721,7.956704421,12.54108862,18.5,6.711110545667357,2,0,1
DE722,7.580717884,9.840245345,18.5,6.711110545667357,2,0,1
DE723,7.465760305,11.8396372,18.5,6.711110545667357,2,0,0
DE724,5.940744955,8.170145561,18.5,6.711110545667357,2,0,0
DE725,6.724605879,12.91958811,18.5,6.711110545667357,3,0,0
DE731,7.545040372,8.953961051,18.5,6.711110545667357,2,0,1
DE732,4.307814198,11.62641377,18.5,6.711110545667357,2,0,0
DE733,4.970071442,9.967426654,18.5,6.711110545667357,3,0,0
DE734,6.909738658,12.91839539,18.5,6.711110545667357,2,0,1
DE735,6.462421418,5.382432423,18.5,6.711110545667357,3,0,0
DE803,8.102568146,5.724987497,18.5,1.697615503147118,2,0,1
DE804,8.423302659,8.715632499,18.5,1.697615503147118,3,0,1
DE80J,11.24154321,5.198334236,18.5,1.697615503147118,3,0,1
DE80K,8.306730873,6.308260895,18.5,1.697615503147118,2,0,1
DE80L,12.46666349,6.494525115,18.5,1.697615503147118,3,0,0
DE80M,9.926518707,3.83209427,18.5,1.697615503147118,3,0,0
DE80N,,5.093141236,18.5,1.697615503147118,3,1,0
DE80O,9.530981967,5.262158232,18.5,1.697615503147118,3,0,1
DE911,5.44327849,5.342064679,18.5,3.292630812018803,2,0,1
DE912,10.11787635,4.103404269,18.5,3.292630812018803,2,0,1
DE913,2.817445002,4.231588446,18.5,3.292630812018803,2,0,1
DE914,8.98628641,6.525904973,18.5,3.292630812018803,2,0,1
DE916,,5.394406497,18.5,3.292630812018803,2,0,0
DE917,9.624607913,2.900347777,18.5,3.292630812018803,3,0,1
DE918,8.121630453,7.478577605,18.5,3.292630812018803,3,0,1
DE91A,,6.516266816,18.5,3.292630812018803,2,0,1
DE91B,10.7616065,7.201889239,18.5,3.292630812018803,2,0,1
DE91C,7.50701474,6.815277037,18.5,3.292630812018803,2,0,1
DE922,7.200554778,6.041645178,18.5,3.292630812018803,2,0,1
DE923,9.223675444,4.040973062,18.5,3.292630812018803,2,0,0
DE925,9.391973741,5.78837414,18.5,3.292630812018803,2,0,1
DE926,9.385496937,5.720582266,18.5,3.292630812018803,3,0,0
DE927,8.117358312,5.180772373,18.5,3.292630812018803,3,0,0
DE928,9.278431527,6.507040047,18.5,3.292630812018803,2,0,1
DE929,8.373822001,7.48613127,18.5,3.292630812018803,1,0,1
DE931,9.180046765,7.785793323,18.5,3.292630812018803,2,0,0
DE932,11.07391053,7.721059361,18.5,3.292630812018803,2,0,1
DE933,8.358751203,5.449089388,18.5,3.292630812018803,2,0,1
DE934,11.17639782,6.367400774,18.5,3.292630812018803,3,0,0
DE935,9.102008424,4.836663873,18.5,3.292630812018803,2,0,0
DE936,7.832774333,6.930218645,18.5,3.292630812018803,2,0,1
DE937,5.906096616,3.813621126,18.5,3.292630812018803,3,0,1
DE938,8.72994754,8.135756677,18.5,3.292630812018803,2,0,0
DE939,9.52428429,4.856821159,18.5,3.292630812018803,2,0,1
DE93A,7.935683062,4.077058241,18.5,3.292630812018803,3,0,0
DE93B,5.810509309,5.230504218,18.5,3.292630812018803,2,0,1
DE941,16.53643691,5.015059299,18.5,3.292630812018803,1,0,1
DE942,6.989708405,4.101867253,18.5,3.292630812018803,2,1,0
DE943,7.326913066,3.512243687,18.5,3.292630812018803,2,0,1
DE944,6.831377275,3.371060413,18.5,3.292630812018803,2,0,1
DE945,12.8677924,5.886664747,18.5,3.292630812018803,2,0,0
DE946,5.784207001,5.263882562,18.5,3.292630812018803,2,0,1
DE947,10.7469851,5.711039851,18.5,3.292630812018803,2,0,0
DE948,6.08627709,5.084207223,18.5,3.292630812018803,3,0,0
DE949,3.846776042,6.453368584,18.5,3.292630812018803,3,1,0
DE94A,7.399347116,4.430046836,18.5,3.292630812018803,2,0,0
DE94B,4.301295796,5.427484042,18.5,3.292630812018803,2,1,0
DE94C,9.914606574,4.827982792,18.5,3.292630812018803,2,1,0
DE94D,6.77625208,4.296900743,18.5,3.292630812018803,2,0,1
DE94E,5.265437535,7.958608267,18.5,3.292630812018803,2,0,1
DE94F,4.908557178,5.760231103,18.5,3.292630812018803,2,0,0
DE94G,9.583840062,6.26807494,18.5,3.292630812018803,2,0,0
DE94H,9.9977881,4.070168228,18.5,3.292630812018803,3,0,0
DEA11,5.849627356,5.804204875,18.5,5.105525808146008,1,0,1
DEA12,15.20922148,4.952023521,18.5,5.105525808146008,1,0,1
DEA13,11.61242526,5.80693592,18.5,5.105525808146008,1,0,1
DEA14,12.49885011,3.748757676,18.5,5.105525808146008,1,0,0
DEA15,12.25666719,5.074925377,18.5,5.105525808146008,1,1,1
DEA16,10.86261981,4.560206821,18.5,5.105525808146008,1,0,1
DEA17,15.18224555,6.141005239,18.5,5.105525808146008,1,0,1
DEA18,9.377719756,6.350989877,18.5,5.105525808146008,1,0,0
DEA19,11.81459205,4.972192837,18.5,5.105525808146008,1,0,0
DEA1A,12.60462349,6.892008996,18.5,5.105525808146008,1,0,1
DEA1B,8.089627231,4.880598488,18.5,5.105525808146008,2,1,0
DEA1C,8.272915465,5.035733132,18.5,5.105525808146008,1,0,1
DEA1D,8.716502459,6.402819813,18.5,5.105525808146008,1,0,1
DEA1E,9.337027737,6.476536746,18.5,5.105525808146008,1,1,0
DEA1F,10.35778394,6.552914572,18.5,5.105525808146008,1,0,1
DEA22,6.78359543,7.681508905,18.5,5.105525808146008,1,0,1
DEA23,8.69426872,7.995771362,18.5,5.105525808146008,1,0,1
DEA24,10.02815954,5.028282668,18.5,5.105525808146008,1,0,1
DEA26,10.52527255,5.099547841,18.5,5.105525808146008,2,1,1
DEA27,10.96348767,5.598688501,18.5,5.105525808146008,1,0,1
DEA28,9.58507458,3.265785749,18.5,5.105525808146008,2,1,0
DEA29,9.598936027,5.695300711,18.5,5.105525808146008,2,1,0
DEA2A,7.993612873,7.552250112,18.5,5.105525808146008,2,0,0
DEA2B,10.98137205,4.839805825,18.5,5.105525808146008,1,0,1
DEA2C,10.09298477,4.019540895,18.5,5.105525808146008,1,0,1
DEA2D,9.953731461,6.494707172,18.5,5.105525808146008,1,1,1
DEA31,13.40186765,6.34940966,18.5,5.105525808146008,1,0,1
DEA32,19.11915768,4.969493685,18.5,5.105525808146008,1,0,1
DEA33,4.857799264,5.771309345,18.5,5.105525808146008,1,0,1
DEA34,5.485521953,3.298163141,18.5,5.105525808146008,2,1,1
DEA35,5.159577997,4.746518927,18.5,5.105525808146008,1,0,1
DEA36,14.41275009,5.279417517,18.5,5.105525808146008,1,0,1
DEA37,6.664910885,6.883122157,18.5,5.105525808146008,2,0,0
DEA38,7.900091416,6.922518542,18.5,5.105525808146008,2,0,0
DEA41,8.739224571,7.55668997,18.5,5.105525808146008,1,0,1
DEA42,5.101413965,6.385737489,18.5,5.105525808146008,1,0,0
DEA43,7.998443504,5.585124379,18.5,5.105525808146008,1,0,0
DEA44,6.732536765,6.448747782,18.5,5.105525808146008,3,0,0
DEA45,9.367373609,4.378114959,18.5,5.105525808146008,2,0,0
DEA46,6.949083152,5.856551964,18.5,5.105525808146008,2,0,0
DEA47,7.86613779,7.728682171,18.5,5.105525808146008,2,0,1
DEA51,11.69373759,4.568365103,18.5,5.105525808146008,1,0,1
DEA52,12.79371708,2.414543947,18.5,5.105525808146008,1,0,1
DEA53,14.45419838,9.525797043,18.5,5.105525808146008,1,0,1
DEA54,12.32194557,6.070496354,18.5,5.105525808146008,1,0,1
DEA55,16.27312431,6.571108961,18.5,5.105525808146008,1,0,1
DEA56,9.571765256,5.413429719,18.5,5.105525808146008,1,0,1
DEA57,6.014403654,3.590861949,18.5,5.105525808146008,2,0,0
DEA58,9.720298618,7.952920935,18.5,5.105525808146008,1,0,1
DEA59,5.444327362,5.576443717,18.5,5.105525808146008,2,0,0
DEA5A,6.982380611,6.355967383,18.5,5.105525808146008,2,0,1
DEA5B,8.210998988,5.564420082,18.5,5.105525808146008,2,0,0
DEA5C,10.97635548,6.401038307,18.5,5.105525808146008,1,0,1
DEB11,5.220275707,5.920275253,18.5,5.092939427240948,2,0,1
DEB12,7.622419493,3.600366792,18.5,5.092939427240948,2,0,0
DEB13,9.195456697,3.415985597,18.5,5.092939427240948,3,0,1
DEB14,9.151411492,7.063539414,18.5,5.092939427240948,2,0,0
DEB15,9.677528166,5.885177512,18.5,5.092939427240948,3,0,0
DEB17,5.843702517,5.38674917,18.5,5.092939427240948,2,0,1
DEB18,7.908092376,7.015416711,18.5,5.092939427240948,2,0,0
DEB1A,7.047949162,5.425810437,18.5,5.092939427240948,2,0,0
DEB1B,5.555856466,7.303026141,18.5,5.092939427240948,3,0,0
DEB1C,6.330249245,4.708160181,18.5,5.092939427240948,3,0,0
DEB1D,6.079747335,7.20424523,18.5,5.092939427240948,3,0,0
DEB21,6.688161515,5.509540425,18.5,5.092939427240948,2,1,0
DEB22,5.345501956,7.518781594,18.5,5.092939427240948,3,0,0
DEB23,5.399668325,6.908216557,18.5,5.092939427240948,3,1,0
DEB24,6.432748538,4.968349316,18.5,5.092939427240948,3,0,0
DEB25,7.672641874,4.595812368,18.5,5.092939427240948,2,1,0
DEB31,9.077236561,4.758395902,18.5,5.092939427240948,1,0,1
DEB32,8.847655917,4.602391546,18.5,5.092939427240948,2,0,1
DEB33,6.179196704,5.611231762,18.5,5.092939427240948,1,1,0
DEB34,8.052137681,4.786291696,18.5,5.092939427240948,1,0,1
DEB35,6.062470153,4.991861323,18.5,5.092939427240948,1,0,1
DEB36,9.522811796,5.050064501,18.5,5.092939427240948,2,0,1
DEB37,10.72304996,3.384089546,18.5,5.092939427240948,3,1,0
DEB38,5.847877473,4.68550743,18.5,5.092939427240948,1,0,1
DEB39,10.1104548,8.567504214,18.5,5.092939427240948,1,0,0
DEB3A,7.497137347,10.51310003,18.5,5.092939427240948,2,1,0
DEB3B,9.592822636,8.159062279,18.5,5.092939427240948,3,0,0
DEB3C,8.947099847,9.465991363,18.5,5.092939427240948,2,0,1
DEB3D,9.941052632,15.52444161,18.5,5.092939427240948,3,0,0
DEB3E,6.926113235,4.759761296,18.5,5.092939427240948,1,1,0
DEB3F,10.71588444,5.434814386,18.5,5.092939427240948,2,0,1
DEB3G,12.60866492,4.136176717,18.5,5.092939427240948,3,0,1
DEB3H,7.825026142,10.73050085,18.5,5.092939427240948,2,1,0
DEB3I,11.66066774,,18.5,5.092939427240948,1,0,1
DEB3J,7.841738027,,18.5,5.092939427240948,2,0,1
DEB3K,12.32931727,,18.5,5.092939427240948,3,1,0
DED21,,9.284671044,18.5,13.97357692380422,1,0,1
DED2C,,7.84568424,18.5,13.97357692380422,3,1,1
DED2D,,11.18031328,18.5,13.97357692380422,2,1,1
DED2E,,6.198019199,18.5,13.97357692380422,2,0,1
DED2F,,10.55857168,18.5,13.97357692380422,1,1,1
DED41,,9.327002126,18.5,13.97357692380422,2,0,0
DED42,6.750770495,9.881034231,18.5,13.97357692380422,2,1,0
DED43,7.103577057,5.34666148,18.5,13.97357692380422,2,1,0
DED44,,7.020576196,18.5,13.97357692380422,2,1,0
DED45,,10.65530999,18.5,13.97357692380422,2,0,1
DED51,,,18.5,13.97357692380422,1,0,1
DED52,,,18.5,13.97357692380422,1,0,1
DED53,8.767527675,,18.5,13.97357692380422,3,0,1
DEE01,8.948778221,,18.5,4.879755711501188,2,0,0
DEE02,9.929833584,,18.5,4.879755711501188,2,0,1
DEE03,9.454304614,,18.5,4.879755711501188,2,0,1
DEE04,10.10963063,,18.5,4.879755711501188,3,0,0
DEE05,9.732682548,,18.5,4.879755711501188,2,0,0
DEE06,10.78640932,,18.5,4.879755711501188,3,0,1
DEE07,7.657371242,,18.5,4.879755711501188,2,0,1
DEE08,9.930985171,,18.5,4.879755711501188,3,0,0
DEE09,8.224653463,,18.5,4.879755711501188,2,0,0
DEE0A,13.55564906,11.93734817,18.5,4.879755711501188,3,0,0
DEE0B,8.681672026,7.795152463,18.5,4.879755711501188,2,0,1
DEE0C,11.28829447,12.13687246,18.5,4.879755711501188,2,0,0
DEE0D,12.81293811,10.30651389,18.5,4.879755711501188,3,0,0
DEE0E,9.407841979,12.22648624,18.5,4.879755711501188,3,0,0
DEF01,9.695501304,,18.5,2.297011508819732,2,1,1
DEF02,8.579150973,,18.5,2.297011508819732,1,0,1
DEF03,8.577552789,,18.5,2.297011508819732,2,0,1
DEF04,8.540783016,,18.5,2.297011508819732,2,0,0
DEF05,9.014173895,,18.5,2.297011508819732,3,0,0
DEF06,10.62345056,,18.5,2.297011508819732,2,0,1
DEF07,7.505625444,,18.5,2.297011508819732,3,1,0
DEF08,8.576847845,,18.5,2.297011508819732,2,0,1
DEF09,9.232835647,,18.5,2.297011508819732,1,0,1
DEF0A,10.23532471,,18.5,2.297011508819732,1,0,1
DEF0B,7.389641988,,18.5,2.297011508819732,2,0,1
DEF0C,9.150368811,,18.5,2.297011508819732,2,1,1
DEF0D,7.683013291,,18.5,2.297011508819732,2,0,1
DEF0E,9.475975601,,18.5,2.297011508819732,2,0,0
DEF0F,5.402664653,,18.5,2.297011508819732,2,0,1
DEG0E,6.992219993,,18.5,8.226390259953932,3,0,0
DEG0F,7.678209232,,18.5,8.226390259953932,3,0,1
DEG0G,7.26665949,7.032812872,18.5,8.226390259953932,2,0,0
DEG0H,6.452204198,8.82392038,18.5,8.226390259953932,3,0,0
DEG0I,8.204763035,6.440988534,18.5,8.226390259953932,2,0,0
DEG0J,6.874328679,6.80288794,18.5,8.226390259953932,2,0,0
DEG0K,6.579982999,7.416761406,18.5,8.226390259953932,3,0,0
DEG0L,8.070798666,5.842726824,18.5,8.226390259953932,2,0,0
DEG0M,10.37128955,6.45131692,18.5,8.226390259953932,2,0,0
DEG0N,7.134348677,6.673463586,18.5,8.226390259953932,3,0,0
DEG0P,7.161603944,5.300849628,18.5,8.226390259953932,3,0,0
DEG01,6.39264338,,18.5,8.226390259953932,2,0,1
DEG02,9.906245349,,18.5,8.226390259953932,2,0,0
DEG03,5.405628184,,18.5,8.226390259953932,2,0,0
DEG04,6.590552132,,18.5,8.226390259953932,2,0,0
DEG05,7.95739825,,18.5,8.226390259953932,2,0,0
DEG06,6.515030593,,18.5,8.226390259953932,3,0,0
DEG07,10.07310881,,18.5,8.226390259953932,2,0,0
DEG09,10.45713114,,18.5,8.226390259953932,3,0,0
DEG0A,13.76011444,,18.5,8.226390259953932,3,0,0
DEG0B,7.184203756,,18.5,8.226390259953932,2,0,0
DEG0C,8.083243684,,18.5,8.226390259953932,3,0,1
DEG0D,9.174061965,,18.5,8.226390259953932,2,0,1
EL30,14.1,21.3,21.3,4.23,1,0,1
EL41,16.5,41.4,41.4,4.23,3,0,0
EL42,16.7,35.8,35.8,4.23,2,0,0
EL43,17.3,38.2,38.2,4.23,2,0,0
EL51,17.2,44.1,44.1,4.23,2,1,0
EL52,18.4,38.2,38.2,4.23,3,0,0
EL53,19.7,47.0,47.0,4.23,3,1,0
EL54,17.9,38.0,38.0,4.23,3,1,0
EL61,16.9,42.8,42.8,4.23,2,0,0
EL62,16.0,41.1,41.1,4.23,3,0,0
EL63,21.6,47.6,47.6,4.23,3,0,0
EL64,19.3,63.6,63.6,4.23,3,0,0
EL65,11.4,41.2,41.2,4.23,3,0,0
HU110,3.220809554238371,10.3,8.3,9.511208629773849,1,0,1
HU120,3.183452777932228,14.1,8.3,9.511208629773849,2,1,1
HU211,2.474437818943118,12.2,8.1,9.51120862977385,2,0,1
HU212,2.92227040493462,12.2,8.1,9.51120862977385,2,1,0
HU213,2.758856590175923,12.2,8.1,9.51120862977385,2,0,0
HU221,1.717873817596272,12.2,13.8,9.51120862977385,2,1,0
HU222,1.968320432785984,12.2,13.8,9.51120862977385,2,1,0
HU223,3.658923872606842,12.2,13.8,9.51120862977385,3,1,0
HU231,7.22923596255858,14.8,19.5,9.51120862977385,2,1,1
HU232,4.238975383887775,14.8,19.5,9.51120862977385,3,1,0
HU233,2.861759283122856,14.8,19.5,9.51120862977385,3,0,0
HU311,4.849852955094344,13.1,14.0,9.51120862977385,2,1,1
HU312,3.119282497815681,13.1,14.0,9.51120862977385,3,0,0
HU313,7.725090238499511,13.1,14.0,9.51120862977385,3,1,0
HU321,5.17196793379881,19.4,15.9,9.51120862977385,2,1,1
HU322,7.580839454850366,19.4,15.9,9.51120862977385,2,0,0
HU323,8.762985655019612,19.4,15.9,9.51120862977385,3,1,0
HU331,4.725424973981185,11.9,13.4,9.51120862977385,2,1,0
HU332,5.819882392240157,11.9,13.4,9.51120862977385,2,1,0
HU333,3.199179888137592,11.9,13.4,9.51120862977385,2,1,0
IS002,5.5,10.3,6.5,1.125959124937523,3,0,0
IE041,5.65,16.0,13.9,4.31468604716745,3,1,0
IE042,4.875,16.0,13.9,4.31468604716745,3,0,0
IE052,6.85,14.3,13.9,4.31468604716745,3,0,0
IE061,6.25,15.6,13.9,4.31468604716745,1,0,1
IE062,5.325,15.6,13.9,4.31468604716745,2,1,1
IE063,6.1,15.6,13.9,4.31468604716745,3,0,0
ITC11,8.19,24.60492,6.1,18.23151096314567,1,1,1
ITC12,8.28,24.60492,6.1,18.23151096314567,2,1,0
ITC13,6.98,24.60492,6.1,18.2315109631457,2,0,0
ITC14,5.84,24.60492,6.1,18.2315109631457,2,1,0
ITC15,6.81,24.60492,6.1,18.2315109631457,2,0,0
ITC16,4.64,24.60492,6.1,18.2315109631457,3,1,0
ITC17,7.13,24.60492,6.1,18.2315109631457,3,0,0
ITC18,9.54,24.60492,6.1,18.2315109631457,3,0,0
ITC20,5.83,24.325236,5.4,30.39173344850201,2,1,0
ITC31,9.88,30.948487,6.9,18.80214529395485,1,1,0
ITC32,6.2,30.948487,6.9,18.8021452939549,2,0,0
ITC33,8.15,30.948487,6.9,18.8021452939549,1,0,1
ITC34,9.86,30.948487,6.9,18.8021452939549,1,0,0
ITC41,4.9,19.226988,6.7,24.88331706822828,1,1,0
ITC42,5.34,19.226988,6.7,24.8833170682283,1,1,0
ITC43,5.22,19.226988,6.7,24.8833170682283,1,0,0
ITC44,5.58,19.226988,6.7,24.8833170682283,2,1,0
ITC46,3.01,19.226988,6.7,24.8833170682283,1,0,1
ITC47,4.36,19.226988,6.7,24.8833170682283,2,0,1
ITC48,5.42,19.226988,6.7,24.8833170682283,2,0,0
ITC49,5.87,19.226988,6.7,24.8833170682283,2,0,1
ITC4A,5.69,19.226988,6.7,24.8833170682283,2,0,0
ITC4B,4.75,19.226988,6.7,24.8833170682283,3,0,0
ITC4C,5.71,19.226988,6.7,24.8833170682283,1,0,1
ITC4D,4.92,19.226988,6.7,24.8833170682283,1,0,1
ITF11,8.0,29.254347,12.0,9.158068258135417,3,0,0
ITF12,8.59,29.254347,12.0,9.15806825813542,2,0,0
ITF13,9.47,29.254347,12.0,9.15806825813542,2,0,0
ITF14,10.75,29.254347,12.0,9.15806825813542,2,0,0
ITF21,10.09,39.110179,17.9,6.189354310585792,3,0,0
ITF22,9.27,39.110179,17.9,6.18935431058579,3,0,0
ITF31,16.86,47.921755,20.8,4.840565090894958,1,0,0
ITF32,11.42,47.921755,20.8,4.84056509089496,3,0,0
ITF33,21.45,47.921755,20.8,4.84056509089496,1,0,1
ITF34,14.42,47.921755,20.8,4.84056509089496,2,0,0
ITF35,12.56,47.921755,20.8,4.84056509089496,2,0,0
ITF43,11.31,34.505381,18.1,6.141696631046681,1,0,1
ITF44,11.73,34.505381,18.1,6.14169663104668,1,0,0
ITF45,16.21,34.505381,18.1,6.14169663104668,1,0,0
ITF46,24.72,34.505381,18.1,6.14169663104668,3,0,0
ITF47,10.13,34.505381,18.1,6.14169663104668,1,0,1
ITF48,13.1,34.505381,18.1,6.14169663104668,1,0,0
ITF51,8.64,30.009839,23.4,4.482570392622557,3,0,0
ITF52,8.53,30.009839,23.4,4.48257039262256,2,0,0
ITF61,22.29,49.220525,20.8,2.460258379925136,2,0,0
ITF62,29.47,49.220525,20.8,2.46025837992514,2,0,0
ITF63,18.41,49.220525,20.8,2.46025837992514,2,0,0
ITF64,19.4,49.220525,20.8,2.46025837992514,3,0,0
ITF65,15.32,49.220525,20.8,2.46025837992514,2,0,0
ITG11,17.34,48.322768,17.7,4.824328398926013,2,0,0
ITG12,15.34,48.322768,17.7,4.82432839892601,1,0,1
ITG13,23.91,48.322768,17.7,4.82432839892601,2,0,1
ITG14,21.61,48.322768,17.7,4.82432839892601,2,0,0
ITG15,13.96,48.322768,17.7,4.82432839892601,1,0,0
ITG16,16.42,48.322768,17.7,4.82432839892601,2,0,0
ITG17,15.64,48.322768,17.7,4.82432839892601,1,0,1
ITG18,14.24,48.322768,17.7,4.82432839892601,2,0,0
ITG19,23.53,48.322768,17.7,4.82432839892601,1,0,0
ITH10,3.77,9.266867,4.3,13.72398825481935,3,1,0
ITH20,5.27,14.108131,4.3,19.21437411193106,2,0,0
ITH31,4.73,21.928747,6.7,12.91008054094857,2,0,1
ITH32,7.05,21.928747,6.7,12.9100805409486,2,0,0
ITH33,3.87,21.928747,6.7,12.9100805409486,3,1,0
ITH34,5.41,21.928747,6.7,12.9100805409486,2,0,0
ITH35,5.64,21.928747,6.7,12.9100805409486,1,0,1
ITH36,6.39,21.928747,6.7,12.9100805409486,2,0,1
ITH37,6.88,21.928747,6.7,12.9100805409486,3,0,0
ITH41,3.17,15.99391,6.8,13.36410725773825,2,0,0
ITH42,7.02,15.99391,6.8,13.36410725773825,2,1,0
ITH43,8.4,15.99391,6.8,13.3641072577382,1,1,0
ITH44,4.27,15.99391,6.8,13.3641072577382,1,1,0
ITI11,7.56,26.225433,5.9,9.836007859056942,2,0,0
ITI12,7.12,26.225433,5.9,9.83600785905694,2,0,0
ITI13,8.01,26.225433,5.9,9.83600785905694,1,0,0
ITI14,6.0,26.225433,5.9,9.83600785905694,1,0,1
ITI15,6.18,26.225433,5.9,9.83600785905694,1,0,1
ITI16,6.08,26.225433,5.9,9.83600785905694,2,0,0
ITI17,6.55,26.225433,5.9,9.83600785905694,2,0,0
ITI18,7.51,26.225433,5.9,9.83600785905694,2,0,0
ITI19,6.47,26.225433,5.9,9.83600785905694,3,0,0
ITI1A,6.31,26.225433,5.9,9.83600785905694,3,0,0
ITI21,8.37,27.237756,8.0,7.0446409588986,2,0,1
ITI22,7.51,27.237756,8.0,7.0446409588986,2,0,0
ITI31,7.63,29.160287,9.3,10.45831482304161,2,0,0
ITI32,8.02,29.160287,9.3,10.4583148230416,2,0,0
ITI33,5.6,29.160287,9.3,10.4583148230416,2,0,0
ITI34,10.21,29.160287,9.3,10.4583148230416,2,0,0
ITI35,4.88,29.160287,9.3,10.4583148230416,2,0,0
ITI41,8.88,32.157872,5.7,6.306791528397937,3,0,0
ITI42,6.81,32.157872,5.7,6.30679152839794,3,0,0
ITI43,8.7,32.157872,5.7,6.30679152839794,1,0,1
ITI44,11.33,32.157872,5.7,6.30679152839794,2,0,0
ITI45,11.25,32.157872,5.7,6.30679152839794,2,0,0
LV003,7.4,14.9,35.8,3.160915774437469,2,1,0
LV005,12.4,14.9,35.3,3.160915774437469,2,1,0
LV006,7.5,14.9,51.9,3.16091577443747,1,0,1
LV007,6.8,14.9,56.2,3.16091577443747,2,1,1
LV008,8.8,14.9,49.9,3.16091577443747,3,1,0
LV009,7.5,14.9,56.1,3.16091577443747,3,1,0
LT011,11.5,15.3,15.9,9.530646146121137,1,1,1
LT021,14.6,21.0,23.0,13.79876184082942,2,1,0
LT022,13.0,21.0,23.0,13.59176037282288,2,0,1
LT023,10.6,21.0,23.0,12.37662443195669,2,1,0
LT024,13.8,21.0,23.0,13.09714570025828,3,1,0
LT025,14.1,21.0,23.0,12.3585982224453,2,1,0
LT026,12.5,21.0,23.0,16.59960528127534,2,1,0
LT027,13.8,21.0,23.0,18.18736250571758,3,1,0
LT028,13.4,21.0,23.0,16.84365262263328,2,1,0
LT029,15.2,21.0,23.0,8.402487136192313,2,1,0
LU000,21.2,5.3,17.4,7.874040900291963,2,1,1
NL11,5.2,12.3,19.5,1.43377495877897,2,1,1
NL12,3.9,9.3,14.3,2.523243845362078,2,0,0
NL13,3.7,10.3,12.4,2.754809776333754,2,1,0
NL21,3.5,8.2,12.7,5.686481315478413,2,1,1
NL22,3.5,7.9,12.7,6.107523087779585,1,0,0
NL23,3.9,10.2,12.5,3.687760182118618,1,0,1
NL31,3.5,9.4,11.4,6.42798721376317,1,0,1
NL32,3.9,9.8,13.9,5.528685787631094,1,0,1
NL33,4.4,10.6,14.9,7.421950009868336,1,0,1
NL34,2.6,5.4,12.6,3.207401535380507,2,1,0
NL41,3.5,7.7,11.6,9.219826333275456,1,1,1
NL42,3.5,7.7,12.4,8.995695492574747,2,1,0
NO02,5.1,12.6,12.8,0.806695009669162,3,1,0
NO06,3.8,15.0675,13.0,0.806695009669162,2,1,1
NO07,4.7,12.6,12.3,0.806695009669162,3,1,0
NO08,4.5,13.8,11.6,0.806695009669162,1,0,0
NO09,4.3,9.9,16.4,0.806695009669162,2,0,0
NO0A,3.2,8.5541,12.8,0.806695009669162,2,0,0
PL11,3.2,9.9,11.3,10.27494185736494,2,0,0
PL12,3.2,9.9,11.3,6.013180210982425,1,0,1
PL21,2.7,9.9,13.7,1.853523592834545,3,0,0
PL22,2.7,9.9,9.5,6.128978920602576,2,1,0
PL31,5.83,9.9,14.1,4.237256038208214,2,1,0
PL32,5.83,9.9,14.1,7.802724561002734,2,0,0
PL33,5.83,9.9,14.1,14.02168633608891,2,0,0
PL34,5.83,9.9,14.1,6.494662676038425,3,0,0
PL41,1.8,7.9,15.6,8.926505773058103,2,1,0
PL42,3.4,10.5,11.9,10.74416503898947,2,0,0
PL43,1.7,11.38,11.7,9.27691027959549,3,0,0
PL51,3.1,10.3,11.3,5.396520326485989,2,0,0
PL52,2.9,9.7,14.4,14.67789814196701,3,0,0
PL61,3.1,11.6,16.6,9.819715101493141,3,0,0
PL62,3.1,14.4,20.1,12.02254692152751,3,1,0
PL63,3.1,7.3,10.1,3.738987580603031,2,0,1
PT11,6.7,6.8,18.1,8.743229311466497,2,1,0
PT15,7.1,13.8,17.7,2.030081705086153,2,1,0
PT16,4.9,5.7,16.6,4.401779653946154,3,0,0
PT17,7.1,7.6,11.1,8.214378515209173,1,0,1
PT18,6.9,7.4,16.9,2.895432313592352,3,1,0
PT20,7.9,5.4,28.5,0.906110479579565,2,0,0
PT30,7.0,12.3,26.3,0.471968975905984,1,0,0
RO111,11.4,21.1,15.5,11.3530273847159,3,1,0
RO112,11.4,21.1,15.5,10.00543460656688,3,0,0
RO113,11.4,21.1,15.5,3.213145711930213,2,0,1
RO114,11.4,21.1,15.5,8.547083089857752,3,1,0
RO115,11.4,21.1,15.5,3.170127137194045,3,1,0
RO116,11.4,21.1,15.5,7.049666807977555,3,0,0
RO121,3.39,28.8,21.9,9.077464114684807,3,0,0
RO122,2.29,28.8,21.9,8.978898684781038,2,0,1
RO123,4.17,28.8,21.9,7.296190594366546,3,0,0
RO124,4.09,28.8,21.9,6.932811437480304,3,0,0
RO125,2.56,28.8,21.9,8.252279692264988,3,0,0
RO126,2.33,28.8,21.9,12.93293562687359,2,0,0
RO211,5.12,8.4,35.6,8.169344491797977,3,0,0
RO212,2.66,8.4,35.6,5.151874060579665,3,1,0
RO213,2.88,8.4,35.6,5.235324691052767,2,1,1
RO214,4.18,8.4,35.6,3.808785293983488,3,0,0
RO215,4.82,8.4,35.6,6.661113063967552,3,1,0
RO216,6.59,8.4,35.6,6.773465218793678,3,1,0
RO221,3.84,13.4,32.6,12.45120944613103,2,0,0
RO222,6.88,13.4,32.6,4.741398272566856,3,0,0
RO223,2.43,13.4,32.6,8.405961835445487,2,1,1
RO224,5.9,13.4,32.6,6.097402506532217,2,1,1
RO225,3.22,13.4,32.6,6.663161566051192,3,1,0
RO226,3.82,13.4,32.6,6.171925924293141,3,0,0
RO311,3.53,19.1,23.4,7.964843389962558,3,0,0
RO312,3.74,19.1,23.4,6.922341321382184,3,1,0
RO313,3.21,19.1,23.4,8.314258439998769,3,0,0
RO314,2.41,19.1,23.4,1.709317298670911,3,1,0
RO315,4.43,19.1,23.4,3.2232070910556,3,0,0
RO316,2.76,19.1,23.4,9.277883126744866,2,0,1
RO317,6.3,19.1,23.4,1.854853177728383,3,1,0
RO321,1.2,22.7,2.4,4.83855675877724,1,0,1
RO322,0.45,22.7,2.4,3.636408461121246,1,0,1
RO411,6.83,18.0,32.7,3.749537342495293,2,1,1
RO412,3.47,18.0,32.7,7.56446624036412,3,0,0
RO413,6.35,18.0,32.7,6.655309388171966,3,1,0
RO414,5.57,18.0,32.7,4.772534831806635,3,1,0
RO415,3.36,18.0,32.7,3.817703235288208,3,0,0
RO421,1.72,19.9,20.0,11.99778798297709,2,1,0
RO422,3.26,19.9,20.0,12.13128498874054,3,1,0
RO423,3.52,19.9,20.0,11.65467436629352,2,0,0
RO424,1.0,19.9,20.0,7.267174188357222,2,1,1
SK010,3.2,1.0,7.1,3.942699434879747,1,1,1
SK021,3.4,0.9,14.2,6.885967319092893,3,1,0
SK022,2.9,0.6,10.9,7.133460720633492,2,1,0
SK023,4.3,1.5,12.5,6.658697979848911,2,1,0
SK031,4.8,0.3,19.7,5.278311634411121,2,1,0
SK032,7.4,2.6,23.9,4.013786348787185,3,1,0
SK041,11.7,4.5,30.2,7.043924070855582,3,1,0
SK042,8.1,4.1,20.9,4.167394505028323,2,1,1
SI031,6.0,15.8,15.1,27.22386596403998,3,1,0
SI032,6.6,15.8,16.5,16.96350239574961,3,1,1
SI033,5.1,15.8,17.7,20.49325136032789,3,1,0
SI034,5.2,15.8,12.4,12.13898164415331,3,1,0
SI035,5.2,15.8,15.4,8.922947722023935,3,0,0
SI036,3.9,15.8,9.4,14.11162692551171,3,1,0
SI037,3.6,15.8,9.7,15.06635387356646,3,1,0
SI038,8.3,15.8,9.8,14.19352396813081,3,1,0
SI041,4.3,15.8,9.2,11.23769526395978,2,0,1
SI042,4.3,12.3,12.5,13.55138151494766,2,1,0
SI043,3.1,12.3,11.4,13.46989605306631,3,1,0
SI044,6.2,12.3,15.8,8.885974825947047,2,1,0
ES111,50.02,12.02,22.1,5.010902941569134,2,0,1
ES112,51.09,12.02,22.1,4.631759855440337,3,0,0
ES113,55.71,12.02,22.1,10.13451862665867,3,1,0
ES114,50.56,12.02,22.1,3.919487373424392,2,1,1
ES120,53.78,12.02,22.2,13.38699910393474,2,0,1
ES130,49.41,12.02,18.0,6.868273384753806,2,0,1
ES211,47.22,12.02,10.0,17.18843312426297,1,0,1
ES212,45.98,9.54,10.0,11.83445165179917,1,1,1
ES213,48.43,9.54,10.0,14.11553032126177,1,0,1
ES220,45.49,10.06,9.9,19.32951414222806,2,1,1
ES230,44.39,10.06,15.0,18.61165887488091,2,0,0
ES241,45.15,12.5,16.0,17.40651928542612,2,1,0
ES242,46.8,11.7,16.0,24.0060015003751,3,0,0
ES243,44.63,11.7,16.0,19.43823699901477,1,0,1
ES300,41.05,12.5,15.4,17.74696801632946,1,0,1
ES411,49.53,12.07,15.1,20.83136662575915,3,0,0
ES412,46.24,12.07,15.1,18.83646852763479,2,0,0
ES413,54.47,12.07,15.1,16.59277582767901,2,0,0
ES414,49.58,12.07,15.1,20.88727127187222,2,0,0
ES415,51.81,12.07,15.1,22.62286268315004,2,1,0
ES416,43.83,12.07,15.1,30.99769786971888,3,0,0
ES417,44.44,12.07,15.1,32.81715836781916,3,0,0
ES418,46.5,12.07,15.1,21.69997196286808,2,0,1
ES419,54.03,12.07,15.1,24.87460751131591,3,1,0
ES421,48.62,17.67,25.1,17.13374064441333,2,0,0
ES422,50.87,17.67,25.1,26.77173002440416,2,0,0
ES423,49.89,17.67,25.1,21.21761061681196,3,0,0
ES424,41.44,17.67,25.1,17.14880206090492,2,0,0
ES425,46.12,17.67,25.1,22.05191495568881,2,0,0
ES431,51.81,21.8,31.4,6.379461710560245,2,1,0
ES432,51.61,21.8,31.4,16.36510550378955,2,1,0
ES511,42.79,12.64,16.7,14.82671114975777,1,0,1
ES512,42.07,12.64,16.7,12.43330457425706,2,1,0
ES513,41.39,12.64,16.7,9.826362661658589,2,1,0
ES514,45.61,12.64,16.7,9.172498222598236,2,0,0
ES521,48.68,16.19,24.6,5.796689469807096,1,0,1
ES522,45.82,10.06,24.6,6.870329914981842,2,0,0
ES523,46.42,10.06,24.6,6.477616797581482,1,0,1
ES611,47.34,22.27,28.5,4.010256195286901,2,0,0
ES612,53.07,22.27,28.5,4.758003328211373,1,0,1
ES613,50.83,22.27,28.5,7.025444604815553,1,0,1
ES614,52.85,22.27,28.5,11.5007133901163,2,0,1
ES615,51.91,22.27,28.5,2.89675620104624,2,1,0
ES616,55.49,22.27,28.5,10.25378515697035,2,0,0
ES617,49.36,22.27,28.5,4.704470732192657,1,0,1
ES618,49.49,22.27,28.5,5.961624913155421,1,0,1
ES620,45.49,22.27,25.0,5.023693092222645,1,0,1
ES630,50.62,24.52,36.3,7.254563834215378,1,1,0
ES640,44.27,23.61,36.3,5.090383909651605,2,1,0
SE110,7.7,25.1,10.8,13.77740177974583,1,0,1
SE121,8.9,25.3,19.4,9.173522919473669,2,0,1
SE122,12.2,25.3,19.4,10.55320293069839,2,0,0
SE123,8.4,25.3,19.4,9.06561832028271,2,0,0
SE124,9.2,25.3,19.4,7.283345089483441,2,0,0
SE125,9.0,25.3,19.4,9.425583207960992,2,0,0
SE211,6.6,25.8,19.4,9.158441029815814,2,0,0
SE212,9.2,25.8,16.2,11.2672421067261,3,0,0
SE213,8.4,25.8,16.2,4.237184553832614,3,0,0
SE214,6.4,25.8,16.2,5.02630432597259,3,0,0
SE221,10.1,25.8,16.2,2.882097164267007,2,0,0
SE224,10.5,25.7,17.5,5.08772146285419,2,1,1
SE231,7.6,22.2,16.2,4.193525197095684,2,0,0
SE232,7.7,22.2,16.2,7.329589931171385,1,1,1
SE311,7.4,19.6,20.0,4.532353211951249,2,1,0
SE312,7.6,19.6,20.0,8.021780349068987,3,1,0
SE313,8.8,19.6,20.0,11.16980186650521,2,0,0
SE321,8.1,22.8,21.3,9.333719181404296,2,0,0
SE322,6.6,22.8,21.3,6.497974160996865,3,1,0
SE331,6.6,20.0,14.2,3.201636882856891,2,1,0
SE332,5.8,20.0,14.2,5.318021695929114,2,1,0
CH011,4.52,14.7288,19.4,9.973941060591383,2,1,1
CH012,3.73,14.5483,19.4,14.875913465017,2,1,0
CH013,4.91,15.6313,19.4,13.05224070077441,1,1,1
CH021,2.47,5.2032,16.4,6.974681425413238,2,0,1
CH022,3.33,6.1632,16.4,12.64827539055823,2,0,0
CH023,2.86,5.9136,16.4,7.048214876093109,1,1,0
CH024,4.58,10.4256,16.4,18.18738101713353,2,1,0
CH025,4.72,11.712,16.4,16.03609480321809,3,1,0
CH033,3.38,6.0858,18.5,7.148546802557138,1,1,0
CH040,3.05,8.075,10.1,5.734658062376497,1,1,1
CH052,3.63,11.5457,13.6,6.604990923605188,2,1,0
CH053,3.83,10.6778,13.6,5.924867226454013,2,1,1
CH054,2.48,6.311999999999999,13.6,6.314664594161364,2,1,0
CH055,2.55,6.7328,13.6,9.300595238095237,2,1,1
CH056,2.05,4.0239,13.6,6.069695771184217,3,1,0
CH057,2.53,6.6802,13.6,9.08612862953278,2,1,0
CH061,2.23,7.7454,12.3,5.494771494965144,2,0,1
CH062,1.42,5.130500000000001,12.3,8.446176061902298,2,0,0
CH063,1.5,3.9058,12.3,8.412263210368893,2,0,0
CH064,1.23,3.9058,12.3,7.909306617453203,2,0,0
CH065,1.42,4.1375,12.3,2.552974214960429,2,0,1
CH066,2.53,8.7384,12.3,5.170711834662572,1,0,0
CH070,3.57,13.8864,20.5,21.59372501714126,1,1,0
UKC1,4.4,21.6,23.0,15.58536383412747,1,0,0
UKC2,,18.4,23.0,15.5853638341275,1,0,1
UKD1,3.4,14.2,23.0,16.36969483190241,2,0,0
UKD3,4.1,18.1,23.0,16.3696948319024,1,0,1
UKD4,3.8,15.8,23.0,16.3696948319024,1,0,1
UKD6,8.0,11.8,23.0,16.3696948319024,1,0,1
UKD7,12.1,16.8,23.0,16.3696948319024,1,0,1
UKE1,4.2,16.8,23.0,14.08070751681938,1,0,1
UKE2,12.5,13.8,23.0,14.0807075168194,2,0,0
UKE3,6.4,18.6,23.0,14.0807075168194,1,0,1
UKE4,4.7,18.1,23.0,14.0807075168194,1,0,1
UKF1,4.2,15.6,23.0,12.53776450744274,1,0,1
UKF2,6.0,13.5,23.0,12.5377645074427,1,0,1
UKF3,2.5,13.4,23.0,12.5377645074427,2,0,1
UKG1,4.9,13.0,23.0,13.55818135531711,2,0,0
UKG2,3.3,14.6,23.0,13.5581813553171,1,0,0
UKG3,5.8,23.2,23.0,13.5581813553171,1,0,1
UKH1,9.1,13.6,23.0,10.34414737763836,2,0,0
UKH2,6.8,12.9,23.0,10.3441473776384,1,0,0
UKH3,3.7,14.0,23.0,10.3441473776384,1,0,1
UKI3,3.0,16.1,23.0,9.67240301322964,1,0,1
UKI4,4.2,20.9,23.0,9.67240301322964,1,0,1
UKI5,3.1,20.9,23.0,9.67240301322964,1,0,1
UKI6,11.9,18.2,23.0,9.67240301322964,1,0,1
UKI7,19.0,18.6,23.0,9.67240301322964,1,0,1
UKJ1,5.7,11.3,23.0,9.190157681176732,1,0,1
UKJ2,22.5,13.3,23.0,9.19015768117673,1,0,0
UKJ3,9.4,12.4,23.0,9.19015768117673,1,0,1
UKJ4,5.4,16.3,23.0,9.19015768117673,1,0,1
UKK1,5.7,12.9,23.0,6.0341347924936,2,0,0
UKK2,10.0,11.8,23.0,6.0341347924936,2,0,0
UKK3,2.9,13.0,23.0,6.0341347924936,2,0,0
UKK4,14.3,14.0,23.0,6.0341347924936,1,0,1
UKL1,2.6,17.9,23.0,11.49732032089193,1,0,0
UKL2,8.2,15.8,23.0,11.4973203208919,1,0,0
UKM5,4.3,9.5,23.0,8.86466633835927,2,0,1
UKM6,6.7,15.3,23.0,8.86466633835927,3,0,0
UKM7,1.8,13.2,23.0,8.86466633835927,1,0,1
UKM8,8.1,14.2,23.0,8.86466633835927,1,0,1
UKM9,3.0,13.9,23.0,8.86466633835927,2,0,0
UKN0,3.6,15.6,23.0,6.980732435845955,2,0,0
